<settings>
    <profiles>
        <profile>
            <id>ossrh</id>
            <activation>
                <activeByDefault>true</activeByDefault>
            </activation>
            <properties>
                <gpg.executable>${env.GPG_EXECUTABLE}</gpg.executable>
                <gpg.passphrase>${env.GPG_PASSPHRASE}</gpg.passphrase>
            </properties>
        </profile>
    </profiles>
    <servers>
        <server>
            <id>ossrh</id>
            <username>${env.SONATYPE_USERNAME}</username>
            <password>${env.SONATYPE_PASSWORD}</password>
        </server>
    </servers>
</settings>
